{"cameraMode":{"drawMode":0,"name":"Shaded","section":"Shading Mode"},"sceneLighting":true,"audioPlay":false,"sceneViewState":{"m_AlwaysRefresh":false,"showFog":true,"showSkybox":true,"showFlares":true,"showImageEffects":true,"showParticleSystems":true,"showVisualEffectGraphs":true,"m_FxEnabled":true},"in2DMode":false,"pivot":{"x":24.322416305541993,"y":0.19090938568115235,"z":2.498462677001953},"rotation":{"x":-0.29531171917915347,"y":0.16992966830730439,"z":-0.05346238613128662,"w":-0.9386459589004517},"size":27.111995697021486,"orthographic":false}